,SP100,"(2,1)","(2,2)","(2,4)","(2,12)","(3,1)","(3,2)","(3,4)","(3,12)","(5,1)","(5,2)","(5,4)","(5,12)","(7,1)","(7,2)","(7,4)","(7,12)","(10,1)","(10,2)","(10,4)","(10,12)","(15,1)","(15,2)","(15,4)","(15,12)","(25,1)","(25,2)","(25,4)","(25,12)","(50,1)","(50,2)","(50,4)","(50,12)"
0,0.0607686589025569,0.034429953668025315,0.0365870200640671,0.05260849040707469,0.03162441436134948,0.04307578166380696,0.08830417530715393,0.05969409700683763,0.05655632547325765,0.04247618436860685,0.04495380975900323,0.05382003727958744,0.04119311221675185,0.03286127297158138,0.061798448647203526,0.03665081397493966,0.0488823057175542,0.06048778430016319,0.038499828741371186,0.058949961539184276,0.09763024157662842,0.04872051649033021,0.0653741674334252,0.05561813377347626,0.08180774560899878,0.08214095073965286,0.0388204882417199,0.04172190048210841,0.06820932897217698,0.060497957870309226,0.05554586492214668,0.05557924513386105,0.04687864995651218
1,0.0224116310054005,0.014023330021396326,0.0651454411082069,0.06567526368036988,0.05598109612582332,0.060660503717830744,0.029299541828474083,0.04505312474554529,0.04971093029983777,0.08864735702957768,0.06416522371868222,0.055932612163076156,0.10120350542199734,0.06321570963093245,-0.02860714299733795,-0.06341816522727864,0.0685359701899511,0.06004139119859109,-0.08849543139165628,0.05405240023994712,0.02089955118706413,0.01831175818201016,0.06229432029700383,0.023254667075532084,-0.007989054851377648,0.03806669178843144,-0.021407334671395974,0.010024916782349584,0.07819950991644213,-0.016089481555227148,-0.016181594521610613,0.056774078530876355,0.005471880226242177
2,-0.0455739453585631,0.03459597287622292,-0.06934758661604451,-0.010250781182055574,-0.005130083684990731,-0.046218358249948105,-0.08276833991126314,-0.04001780167982593,-0.03510907675655086,0.002178673692025646,-0.03659913506440454,-0.012183029714098053,-0.05342455606246026,0.0019359956900461789,-0.08226647987548742,-0.03923618283764312,-0.019077235579142076,-0.08407614283012636,-0.07001164393065148,0.0021581487193264816,-0.03667839171808387,-0.04497661879185746,-0.02487644231922562,-0.04838204898453895,-0.06303192895343307,-0.028817895603378274,-0.02308162256054564,-0.0325213677989903,-0.011631364604720813,-0.05842820581729726,-0.05764740951583884,-0.042129723703588265,-0.060732303478430866
3,0.0828836358561376,0.058893239879570666,0.09514322969274133,-0.005917440666939308,-0.010671797524505663,-0.026933179835668033,0.11689183829763959,0.10166956110211228,0.11542236701363412,0.05656265260879659,0.038591179937700386,0.05329504828280228,0.05154552169520719,0.040356936212688474,0.11787777039383054,0.1353368266082424,0.06334673779609591,0.042526373895410176,0.1515819096893674,0.06389726280800037,0.12295448725756532,0.06357639092134447,0.05614035953547423,0.055879304670836245,0.041125158675062015,0.08559416151780135,0.08822502450651395,0.06788787872432094,0.09251241860744458,0.08397332758790295,0.09555734791924154,0.07582598404935567,0.09413636442796829
4,-0.0087943346082748,0.0038909310971520297,-0.01790089738509,0.053422240485290755,0.026827770381287756,-0.03255818841815765,-0.04671157366755931,-0.035207732959618585,-0.01493293773425729,-0.005882991924632377,-0.005415131276209631,-0.009264866972616248,0.014695092505139253,-0.012539268956938535,-0.003007471878779731,0.003949533840721431,0.008633577643184369,-0.008225158361800643,-0.01278636047046428,-0.001358892169596501,-0.05305575462593003,0.011115383357510642,-0.0023884009676550747,-0.0164693231127182,-0.027873971018504157,-0.02695618562032606,0.0029311931604981073,-0.003509310176467529,-0.01732204353258489,-0.009268074870415621,-0.009245675432671864,-0.011671792924699822,0.0019792233386369943
5,0.0149408021711046,0.019792763756152666,0.03095607979533664,0.01572602442718334,0.02347682154408659,0.014007575604558316,0.02203487118514355,0.022500930373733706,0.012184207325314264,0.035181111545141225,0.022616706082881827,0.009728762871843039,0.020181781824038257,0.009190329397391957,0.00196388216535937,0.012205713453365507,-0.010585503280948805,-0.002401267854280819,0.005022328404848027,0.022366268070576872,0.008748952737711152,0.017458293761101414,0.029165918556054958,0.011597432631371593,0.004949919657796028,0.026495670297672778,0.008975550329026307,0.016577653819568678,-0.0010007388022904018,0.00783683165935368,0.011978166449474156,0.016228364492929526,0.013067727388876722
6,0.0197127533257616,0.029400238716358412,0.017274297252740538,0.025998432390320805,0.01673122230672093,0.04274039461759936,-0.038306711972104786,0.02700219790436017,0.026491914313274113,0.008375325456290553,0.022826386000805287,-0.00946666120866464,0.010434760513888218,0.00802829679349414,0.03432455037241389,0.04691993843725231,0.0028841018148083185,0.01630924425569938,0.04972479225425969,0.008063594664023932,0.03654916448968554,0.013124332034846871,0.01426622435844707,0.027157436193618673,0.004995550069951674,0.017003093785822078,0.0338128790405539,0.032433018094532036,0.013139974030223217,0.029223309118149143,0.028028339186890548,0.01373611236942093,0.025455819622225925
7,-0.0363322834187889,-0.023208721679440547,-0.04318194538712265,-0.025922826347423017,-0.03576451175463685,-0.06191778519343915,-0.0719604422262799,-0.018762588634647994,-0.03839580654755704,-0.029912875796454543,-0.03712581002680876,-0.04194795857586612,-0.03391553140742547,-0.04821019563152519,-0.04570755587878044,-0.03919603088804398,-0.033536983744418096,-0.043227373110919676,-0.04780061418361897,-0.014479322603488255,-0.025039275980447875,-0.047263588145176144,-0.03294416363099171,-0.05263381734178435,-0.04340078428775153,-0.0243550320195224,-0.03999528730819164,-0.0328985109818091,-0.03618690063598029,-0.049406951756140426,-0.03858033087599815,-0.03147751502811704,-0.04391594312618082
8,-0.0213313301094582,-0.023054382232586042,-0.06766182926525688,-0.02896350408529081,-0.033966674771238325,-0.08896607547317127,-0.014674150317590494,-0.023551516324326796,-0.015300560280397125,-0.016168390451445358,-0.012275510009163632,-0.005069405895919632,-0.013501718181267074,-0.012795257808648226,-0.01903625244756881,0.011579433904873761,-0.04576199768063051,-0.06216707030808565,0.0055340823688703085,-0.0001688209248911607,-0.03819159519004397,-0.020922514835839956,-0.008811862615031234,-0.04679789599753132,-0.04076181337862419,-0.0167681156535915,-0.0023378266769919316,-0.018299367165460843,-0.026960859506086052,-0.02254677550048347,-0.01322599245728029,-0.035175512215516215,-0.016724036425334765
9,-0.0129013037581203,0.001608356843631321,0.01083498232254952,-0.0072636176468871185,0.0031739608877791063,-0.08619894089162063,0.005513773556944309,0.00793296439742954,-0.007237165658964571,0.020199574060673735,-0.002298316959670397,0.012102243644381243,0.008214271272187292,0.015153453730144612,-0.013471984397035577,-0.0031885886952368473,-0.012730601487729047,-0.03771709226050212,-0.004940940451337882,0.01277486998441793,0.012715137816761151,0.0003334424629447935,0.005894621677463829,-0.02954725689123314,-0.015256886046973553,-0.023658554163180284,0.003835302630361028,-0.013513507574717757,-0.005583872377041826,-0.01259874929605696,-0.005075384424414211,-0.024140763717887585,-0.013867040479522324
10,-0.002988675300605,0.013432647500143462,0.0073523297276186055,-0.001286037823025722,0.01612213093798489,-0.0025953167370533392,0.021087298699348896,0.008229731749065664,0.007114713592668917,-0.006792366629657811,0.004059673877209137,0.005117021917303042,-0.00406817892891582,0.0038501863737676607,-0.0015929708427119232,0.007916587219379215,-0.009704960632389155,-0.009007633594162031,0.01364064181489238,0.008618824654063875,0.004724449208381055,-0.0038982753045145382,0.002010834658695819,0.000381741563826651,0.0032255578735593876,-0.011305975938412932,0.004730378170919801,0.006725977565985195,-0.007911024117392189,-0.001849592243580225,0.0001928633545569483,-0.008846796324475624,-0.0075636790377858615
11,0.0127610973854715,0.06674283851117302,0.022256695122665565,0.022447090589908146,0.04284372683671907,-0.04467040952350471,0.050373250921263185,0.03773297159487442,0.03851892290603057,0.02218772842193491,0.036346917408971835,0.008534516558887999,0.027749984347776865,0.03329799847041909,-0.005421144844128058,0.056012067672284734,0.0241483345018709,-0.009842340135241687,0.0390965906222563,0.03806488517957965,-0.024569791890632173,0.014628790855020033,0.024137273196224062,0.0016443473290932765,-0.02761149885905277,0.0219906131326135,0.036477852239127855,0.021909158143676846,0.032099125766719534,0.015816713992021034,0.010410763198805307,0.009296149747643012,0.015015479289087946
12,0.044440283009672,0.01197749214969623,0.04467658523066081,0.006350793214577127,0.05267665313306989,0.0492145396528382,0.052802794185248254,0.022207744465597427,0.03696079800444478,0.029022556356972123,0.006376049625659921,0.01551504190234676,0.003571602672570176,0.020280052285226516,0.048925823265670264,0.01963113406728488,0.10165987094068644,0.036626617271266405,0.04315852428008515,0.005047485936986399,0.0497943901110814,0.029929449491538394,0.01619801827415893,0.045373116739067895,0.049781154508015374,0.07576667336699433,0.020207497480614497,0.019387762086863224,0.0708477392539353,0.04696862955247787,0.04378398437560397,0.04620177200487536,0.0564092077346754
13,0.0060420533370989,-0.007606765668589117,-0.009062406640913718,-0.024191135095206498,-0.004621540124462493,0.02243217911573285,-0.0011401699749988836,-0.015277458396037063,-0.021704914022844496,-0.03301192592511054,-0.020301328889340393,-0.0018540290608846037,-0.029577422179643542,-0.005956651261836747,0.021671483074587182,-0.006839566814775618,-0.01286807525400803,0.023467732687500818,0.010558738412700048,-0.027103804270032204,-0.0019729833550173963,0.0010599020497884448,-0.01711570990253074,0.02786422328129543,-0.0038420859117073037,0.002090879301593698,-0.015904511832657158,-0.004073130654497284,-0.0002572228825286967,0.00785053709766471,0.0010107183226901921,0.015440843434876459,0.010020086020204162
14,0.0432838469976217,0.029479062074757267,0.004497054226165821,0.019833831885492273,0.10845924593911885,0.17365835082325748,0.058240131576264585,0.07875190463629939,0.008769192999874694,0.004166238153562271,0.025180891519426644,0.01614760904895894,-0.01932484109546702,0.02248672572341985,0.04310232249934247,0.04874972779076098,0.04120577347779656,0.08937036261534671,0.05721679346590537,0.016850741218310105,0.03157461541367932,0.010889472168091737,0.013974399651926659,0.07741956970473012,0.026863790947520644,0.05974748119842711,0.02271200469242732,0.06051360808271615,0.056265897774663086,0.04257779349308731,0.028280113011036355,0.05986828830297008,0.05378247560856582
15,0.0305516659395053,-0.024802270465998165,0.03449992808793436,0.024436979182750194,0.023575594993410956,0.03674369682947983,0.02360700470817585,0.013478040824134754,0.014444539609970301,-0.0163797939476485,-0.007891072157713149,0.0291381066805671,0.046171142142013295,-0.005269630597557145,0.067390316417429,0.03679137602068667,0.0743093519265407,0.04427111235606456,0.11707967571585472,0.021835857271019977,0.00591692432987323,0.026130620605619007,0.017107173052276402,0.033910554772464185,-0.005527494560922736,0.011164477468845926,0.067136145869091,0.035407323759268125,0.06318300515980513,0.04010410838161467,0.0371543260561648,0.03449581771749228,0.02249208556602325
16,-0.0176876192368054,0.02848774669372827,-0.01666964626626212,-0.02141169293969558,0.024562659975887427,0.02613232323788873,-0.026472916209764847,-0.024078949952012593,-0.019162501233657318,-0.0002822653672839119,-0.008465483826084731,0.0029728788330070717,-0.021451826312935025,-0.001492813198303559,-0.026893257674652823,0.009536241923526123,-0.06441992295671026,-0.00722460525590493,-0.03262367221520603,0.0011374481659530969,-0.007463056020953433,-0.03551583066707001,-0.019108107426800507,-0.009427770957635197,0.004132512817082382,-0.012691503576491892,-0.015522560570134979,-0.014587538997688517,-0.038412354948628324,-0.038822025837736904,-0.023716957656739944,-0.01754459850872631,-0.02640239278951395
17,-0.0012732789558883,0.0008269225323190531,-0.018714793308300493,-0.005705228099181102,0.0040233435969435375,0.012490656965363164,0.0012323904559624179,0.0011263747343295191,-0.012763859764265539,0.012614419372620497,0.013827780952288643,0.00442215352605828,-0.004970441477200085,-0.0066295703152348855,-0.005684137500430366,-0.014878628386292654,-0.004747351603890334,0.008290537527552213,-0.0059237423562746565,0.005648677718316611,0.0005665475692710883,0.0022794268747598624,-0.004781061847496312,0.004840730956168002,-0.012028654190386194,0.00043429668479558924,-0.005616716126629192,-0.001807831409274773,-0.006212240963734621,-0.0011693161493098875,-0.0055060625605603064,-0.004476285705995452,-0.006343905585758647
18,-0.0217212293345157,-0.039012639799272324,-0.033376527695389624,-0.0300983880792781,-0.024669203302326446,-0.03775443774153974,-0.02246876626058344,-0.05017461582477231,-0.042876980773465495,-0.039353061772134296,-0.015279851304779535,0.057822339797768116,-0.020840610269496625,-0.02916516767498607,-0.03642231894690683,-0.03518343386599969,-0.03389171382140601,-0.03567777134488412,-0.017926422408692737,0.044204508145164655,-0.02776784864400287,-0.03721445027318586,-0.026791449423001316,0.013232850891500891,-0.0243825904347339,0.0074628193720572885,-0.016720677219842717,-0.039854094901610716,-0.028753782667631088,-0.033675758763388734,-0.030568057021256246,-0.028192640265518418,-0.03292820670738732
19,0.0251454559725688,0.024364319321475685,0.004685211538813471,0.002237254707071407,-0.028480692752864266,-0.002488315805908387,0.10425549616572512,0.009518699814768786,0.031248198759092176,0.037083409823576746,-0.01135528870892204,0.0322781152687982,0.023387735441860635,0.02543793182181569,0.037210339455527396,0.02206411511062806,0.04155976440648016,0.0169687418062893,0.060744956677719245,0.03782160124478117,0.002339735466657478,0.019889804151640492,0.010867794774799754,0.02147012847335966,0.0091774637452934,0.015332587488121111,0.027836711913675795,0.026229925234485717,0.0355841075862806,0.026849601618590083,0.026339430291352356,0.027261215549240197,0.028290122198987966
20,-0.0389926791701869,-0.06088323895976398,-0.07988510960818607,-0.11798668312395191,-0.03034242454723582,-0.07662357310926923,-0.0683769675915369,-0.022110252117114166,-0.03321636861237167,-0.06576762197533624,-0.02713785361217346,-0.04632195132819357,-0.028724627027864272,-0.053737471880803134,-0.028097775023193123,-0.03428720404828519,-0.06930167693322205,-0.03898609569886337,-0.04105228970498655,-0.039189265090949374,-0.02742823628666428,-0.04375502410239601,-0.046786059987974214,-0.02998181626458543,-0.03788553517410137,-0.040564187613454074,-0.043208051908046545,-0.04253366624288667,-0.04274159230968054,-0.04264997884832935,-0.035228822674819124,-0.04057468534766401,-0.04135532380314525
21,0.0455485329498565,-0.0437302987003317,-0.0563449780634552,-0.09950483638217678,-0.0258833072990117,0.02993806752503228,0.012467150495945939,-0.017232943644586624,0.010984320230494959,-0.0009611836909720348,0.028041988722228614,0.0817789484202699,0.02505669838269831,-0.04981771986203168,0.08289263494151083,0.10447413682492519,0.021919933482554322,0.04172419738869431,0.05177928690909761,0.07245115748671928,0.054320926847622415,0.0389792293288342,-0.0018446831642081394,0.050882813344730715,0.07027798389208854,0.051666627048093224,0.022087113721936457,0.07344945954888427,0.04177251740218409,0.05305254176265886,0.055426464992640666,0.04714829674089249,0.0521552970630077
22,0.0203732835959457,-0.0006214314864498194,0.08073129380673252,-0.010051578414511651,0.019753082540528297,0.04079217110249622,0.012319855827510655,-0.015697267691925112,0.012615297147704548,0.0008970641408404528,0.011264568535713233,0.029005694462784663,0.019544851230875456,-0.018757911958085398,0.02988135085593195,0.004637096506564202,0.03825358392687952,0.034809806774420284,0.03230398811927511,0.03187425649125865,0.03079721889154239,0.017419584238177858,0.011060707580320874,0.02896822253736333,0.023477863422699006,0.01741245098257586,0.018833538443087668,0.016746788443558952,0.020967106394049813,0.02372460276941156,0.01672688715978554,0.016556382496594923,0.016629047266103782
23,0.0298993785701014,0.0604799107621075,0.04977645828288922,0.05259544305680368,0.06285909108327804,0.05966500152279269,0.06164675118746504,0.04791409188861456,0.04027107576721815,0.046262892298222925,0.02756294129708455,0.03854105295504955,0.0233609192016741,0.05804769583733236,0.02198919337117867,0.03014290810028444,0.05200663441984747,0.03916077680669046,0.032625976343486365,0.031166410354891705,0.025204653947744484,0.017357643593754066,0.03904118869270094,0.03200021968254783,0.02391534471693055,0.038089383583964125,0.03061589988635021,0.028131609800978903,0.01327737200380884,0.026832109152774224,0.02818730046820847,0.028980174386122392,0.031007508762307692
24,0.0034628082707421,-0.0019525847808949605,-0.012852076322623723,-0.02343253245627216,0.004563854254899912,-0.03058955485372223,-0.03317245492201419,-0.004690286172233938,0.02184482935821684,-0.04777550355890119,0.020776814606614853,-0.02271088089977784,0.029048377370860367,0.00021290168365006856,0.0159017059894318,0.007617577015335078,-0.013927476667257046,-0.009808031443326126,0.019106430721292866,-0.02277469453430296,0.0133101632600571,0.01701625204558993,0.005100362897330978,-0.010958070329957402,0.010631451526804699,-0.005365805276885884,0.014407607574973278,0.0061022435783834325,0.018721247706572425,0.008289777673690591,0.011038965378374802,0.004528550616905886,0.005068964730321092
25,0.0065926179208515,0.02943126110542956,-0.009095645578653729,0.046205008840377745,-0.0058815891010153215,0.010871327272465415,0.034422727583434364,0.013199010235634584,-0.006680485682643074,0.02804519375922535,-0.004260388897176358,0.008566559876252579,0.0020173398688949178,0.03164173533508868,-0.0003529211119296526,-0.01316381866932769,-0.00114932661120636,0.005711567857075761,0.014712422332543417,-0.005826465907144635,0.004317918285213718,0.014112771424530919,0.014004081467488895,0.009445587964914844,0.0033802853813463324,0.00528867610342028,0.017848013399986585,-0.0008999915081823575,0.010131861483904207,0.00938669962833953,0.004365975482259032,0.009311764780063523,0.003100966694920524
26,-0.001311878229613,-0.01568872200375726,-0.01827725594243504,0.0026802362552385854,-0.006855374893042481,-0.04440117763498103,0.008743335424087785,0.006296595815382685,0.01651675180853337,-0.0010698000095386354,-0.0016354771326443553,0.01319332517451587,0.04426366129181894,-0.005993411427657486,-0.011698291316128854,-0.00011877431908627605,0.015071612938770998,-0.01028081466927421,-0.023216595480537623,0.01565775405997226,-0.008261411446451778,-0.0031686205414055524,0.013484944529490003,0.00633508706457481,-0.0034367618154398554,0.012488671518471396,-0.00277811283860479,-0.011029449174907576,-0.006951636497467587,-0.009366989795569474,-0.004337766331649192,-0.001816795747289122,-0.012572364845348847
27,0.0163233569291241,0.02434474985476389,0.016434840810260795,-0.012451058876402854,-0.016403449545978253,0.00848833709227927,-0.014063626389676469,0.01205576089388809,-0.010122224693061555,-0.015005859576635503,0.009233253500764281,0.01356136313997726,0.007558205126441766,-0.001425313170391523,0.05287328582660974,0.06752384034443712,0.009151304040498869,0.01895309269873923,0.0642899739802889,0.012203288789618568,0.019269889992027615,0.004542972638271826,-0.005175067813192271,0.014630355528437704,0.0037155264946870585,0.0025689397553710627,0.034623780586721276,0.030993224246243744,0.03320809791519066,0.012920245061289562,0.027909199493978576,0.02214361860765459,0.030872921921833406
28,-0.0034472377771496,-0.050617707390083096,-0.06510352707091067,-0.062164340152137024,-0.042982764777519035,0.04412170613110884,-0.004994189268680158,-0.03377210107504884,0.0003668599421306339,-0.014498920398339034,-0.016800377010271778,0.020819931113922552,-0.009322509322075031,-0.027249303705509525,-0.0024755098296549774,0.0052863745746814985,-0.020861131092228487,0.02561872634911778,-0.02323454180995921,0.016162628033363626,0.003316308809722433,-0.013071519895484716,-0.017503974194474338,0.01477973833110935,-0.00880278140697451,0.0033197296850529605,-0.013257300893332269,0.004170727542529452,-0.008345482000242757,-0.00850648264312858,-0.010721793276349482,-0.005690384455457925,-0.009848949459796244
29,0.0091310604041659,-0.012976147615690783,0.01927433400349069,-0.027537525105636125,0.02640168369099567,-0.001821853780827649,0.004777844560798964,-0.003646792763645179,-0.0014334077044345578,-0.011542007553311315,0.001121095830810517,-0.010121165792212589,0.003190628860521911,-0.01802245314785321,0.017951508341246692,-0.011048029937156693,-0.006046580983163926,-0.006102121453384954,0.00445258870935901,-0.007230067060244373,0.028203753221589255,0.040015970958308764,-0.014170440288878643,-0.008385910488620585,0.04498486666893745,0.004505739177030641,-0.0034495774374851667,0.017634912922502414,0.001568806542359556,0.02829083491734482,0.012810537787392787,0.009634307734872852,0.006876222960516076
30,0.032097757266469,0.0038282615354391218,0.04280043773469244,0.008109582959158158,-0.025525487997073534,0.046871826486273874,0.026073162671630432,0.00343327575239113,0.02892596445852589,-0.008108480150423474,-0.011300753313455503,0.00048630052821513857,0.025006476906738455,0.019890181712240725,0.031835232757003715,0.017098614975371802,0.014343244175050531,0.024928150553088297,0.034989845049462516,0.05150696790390562,0.03438338735073917,0.017756745707745922,0.018199683688026786,0.036147732359899154,0.023538211699304163,0.04501039926190494,0.01581377265865424,0.028285228493896693,0.010283731732552133,0.03390916974589968,0.028103360135280094,0.03558284158565394,0.04153733124418922
31,0.0299969409222407,-0.041018849393344804,-0.023467781597730553,-0.024294292791226225,-0.0016237760213588673,0.02547332154329565,0.017211179615215004,-0.018334578168667584,-0.03809008501086304,-0.010593517381867694,0.008480781246328097,0.005981260694144053,0.032131113043614844,-0.009262669129115013,0.17553885888907117,-0.009030413289572561,-0.008640227507702443,0.0026885351719577294,0.03192351727505195,0.13489535369769923,0.006139761598926298,-0.003880262116049779,0.004683597512492504,0.04028361384950001,0.0004990149922025981,0.0686222560053873,0.07186739406256844,0.028675828799599293,-0.02440408142860967,0.012554185088085283,0.010844900565784151,0.022719933960416543,0.046937154674049984
32,0.0192018621691113,0.02498149037682853,0.03967285713886649,0.004216378511107059,0.029139274652851325,0.06931877161464918,0.0054447621522345484,0.017674309518822068,0.03784110939932827,0.026354353697294986,0.0043257907278753975,0.019003199122630182,0.006141162389051267,0.025625260880834635,0.011754924399830245,0.018852258456647116,0.010250135657582458,0.04252949646485833,0.011698380626315707,0.012096866598504534,0.024513204339625314,0.012380733614458852,0.018185899409156787,0.002036582604873482,0.03406836631568554,0.01984730967220781,0.012985695641835661,0.016529566580038874,0.020799673006060386,0.02356793299521859,0.02552729287390532,0.02320282181241871,0.02137180546007614
33,0.0014529466976441,0.006313504151004472,0.019654068602129954,0.0021678034671063877,-0.0035193432559759734,0.08140417257339443,0.024664987528802577,0.012666152463797212,0.01080801663387296,0.015759040191666997,-0.006253703725906296,0.0022736902026250626,-0.020747761312222106,0.018607617523474305,-0.008589909102850044,0.01780230571568274,0.007773769979835933,0.025077115412987135,-0.011804948728897324,-0.00232778570408948,-0.0018100451632295594,-0.0024348477454122245,-0.001606241324264497,-0.008316599175679801,0.01968217991032884,-0.001992972606187806,-0.009183852615492963,-0.010231409222403783,0.007481903034707906,0.006151612239773431,0.009842502825707842,0.006523785287344002,0.005124294198143081
34,0.0317200946128007,0.02606685787208943,0.06371948521616536,0.032385086993297306,-0.050890746710216504,0.036667773888011894,0.0008375869186300964,0.010304939371551053,0.036142030216235715,0.04545643577351582,0.018396758933390954,-0.025883527030522484,0.04339910963706118,0.0259835923545482,0.0797954915704734,0.011884146262535589,0.008384613213955111,0.029105775398691153,0.037436491975322284,0.05682211075675485,0.01599222643326402,0.013179957901079061,0.018425754153342105,0.02630060533484816,0.037015046387367904,0.04498092323066754,0.04470329871856993,0.030755024503904042,0.020687253333093267,0.026298604664238657,0.02793557547370567,0.026608258773779623,0.033240962428798745
35,-0.0101739026716501,-0.03698298935088151,-0.007978838144207159,-0.03396345978879089,-0.0162460537804898,-0.005389750589179595,-0.0502479688231752,-0.03971425199262189,-0.03600326226268974,-0.0304257061033388,-0.010999503262473993,0.006407657357537221,-0.02493135837957676,-0.026298041992490882,-0.014720775285952448,0.0036248314590504177,-0.03973015949393295,0.002181376025121729,-0.019503668246916153,-0.009831210530196404,-0.016656128457558896,-0.012425680083313729,-0.009591399647727218,-0.013500787009169674,-0.007765567518263251,-0.004622207065914068,-0.008424989564603984,-0.014031767195071203,0.001143139516072101,-0.006654788873415092,-0.013185859087511832,-0.00874199315243048,-0.01484606875744999
36,0.0171823492140641,0.019953590369004227,0.01714783343040507,0.031231366336188934,0.026593546448885036,0.02135117972711483,0.037330070641388505,0.029320922658377834,0.027547820454904438,0.035874718795128734,-0.002960791478879156,0.007596303686208252,0.020120806027003866,0.030353606227860354,0.0062660088235576865,0.029178321984795235,0.0373173290273382,0.033347024924274986,0.021552852061176277,0.009013138446693235,0.01742664877782399,0.008329871179538944,0.01950240875033583,0.011076885779849414,0.020895702856784795,0.012852212989852143,0.007521866508822181,0.014619355043187428,0.01647965797520442,0.010138499487037236,0.016800183674889217,0.016489279172155383,0.023057175668604147
37,-0.0090203494789457,-0.01959645395749916,-0.00502482673499957,0.003363730656951049,0.029817664479100482,0.009458192244176208,-0.00718953869310146,-0.0018171555566405526,-0.019198769259540685,-0.00648065366733163,-0.01184611274378158,-0.019437555691786824,-0.01641390805755218,-0.003576920840082419,-0.0016651041424799338,-0.01403523763486079,-0.004239573825001907,-0.007905845001765844,-0.007338834934088522,-0.007477633872000887,-0.008162762166863827,-0.010474130391782788,-0.011690646330740294,-0.011907830038408736,0.0002545453193656524,-0.009271082474185227,-0.0037674239893635596,-0.006789143834239959,-0.010161613883602622,-0.006940956957501645,-0.004918711408377242,-0.005378901058822976,-0.01342244701856913
38,0.0293481682321169,0.018449756621998967,0.02702013203960426,0.03452757314306329,0.01959201370112212,0.014512920792530432,0.023222366586732622,0.006301461365365194,0.01793357725149341,0.026297861547975532,0.03216044794109502,0.053259320372572125,-8.989065872932848e-05,0.020761833290944085,0.054749494057565073,0.01111174059922672,0.030658460923192472,0.009761839183585232,0.02303028176931699,0.04518427044677897,0.01618854142714608,0.03087181295438018,0.018457082470271356,0.040215171178322046,0.0346599552180139,0.04096056584343369,0.04465973687100408,0.030058809472794025,0.02786323283145315,0.03348778495777958,0.029882988198343292,0.03377232492103774,0.023963622755069355
39,-0.0010305716888751,0.030193883550812987,0.03345320311799439,0.06190109069941058,-0.060981477718554354,-0.021398458102965808,0.0796367214460178,-0.0008741850651094031,0.020612573286824296,0.03199260345092242,-0.012560637267961978,0.023834246703320825,0.03162674582431619,0.020434745769248756,-0.007131488964288321,-0.0005904225034066429,0.055079817221566296,-0.006626118493133174,-0.006585641059510713,0.0013889317945705538,0.006234851231352919,-0.0005505201283919109,0.00024326400552048412,-0.011861788975830194,-0.008482103071175345,-0.0027543977472031327,-0.01753546992117481,0.004641597475161619,-0.009499702944474107,-0.011499971890207015,-0.00715861642352308,-0.0066134405781234275,0.0068808555896036705
40,0.0227185382860677,-0.005719184558956519,-0.01614360276610069,0.02015459258104962,-0.00027574261865305656,0.010372678261161986,0.0010658463777525598,-0.005825942436510452,0.0007818593007782974,-0.011310206036954993,0.06111136145693814,-0.0017928102948777521,0.00487255299446246,0.018560790665424744,0.04059508804192228,-0.0011538189818371784,-0.010230597555192344,0.014096085118312276,-0.010945536965045058,0.03127216182243912,-0.003384791319335355,0.04116361869543035,0.040404490192703785,0.044297360067248694,0.0262045626678116,0.019704690342698325,0.04643056079347202,0.02025073664438305,0.04842277707099161,0.0397467235888066,0.033917816915419396,0.028514802723817588,0.04289298931909995
41,-0.0225457953827868,0.00021023659401062924,0.011373881087725066,-0.0025585693129582194,-0.007792091595169985,-0.03213777914927555,-0.014821744494252408,-0.006997732407946897,0.0034385441856330298,0.002656485502342501,-0.024050320034947073,-0.03034559702277773,-0.010636797185773053,-0.016244330068459926,-0.03272585562376029,-0.023484863674591953,-0.01503628354172767,-0.05196045212758245,-0.01677038353432837,-0.03259286640565983,-0.00865603960479821,-0.01918634470419605,-0.04802527532097777,-0.02953048648647643,-0.03227502472850378,-0.006318702512600825,-0.028599283392888718,-0.025602407745763497,-0.026159140101234372,-0.01660264594816727,-0.024321948836375135,-0.014227849800198264,-0.02442095690812017
42,-0.006502681306444,0.010499789183510846,0.02002103188807568,-0.01049209849497373,0.01662187064705804,0.03964060279513536,-0.016791679268836,0.01448048048347255,0.01580440815625405,0.013814534482341888,0.014375490751202698,-0.006205767161696371,0.011748065721869653,-0.0015024249292226511,-0.05835852005932555,0.048711906517883666,0.07260742503994627,0.003013539574515037,-0.01531673978075061,-0.04122072491470351,0.016983540776738124,0.008832444242319958,-0.006796826129573879,-0.007188245784776522,-0.030555853118793466,-0.020281403683568965,-0.021089706124613982,-0.012246700589606845,-0.00042061829772775585,0.004980284177847512,0.005572933224963274,-0.0002412198339349624,0.0015826808501924424
43,-0.0167827655034121,-0.03961562628099512,-0.059073314657444184,-0.0356394002629273,0.0039178101955918525,-0.0493554099264325,-0.05046789718575359,-0.03460242664975127,-0.03839939171666927,-0.04141518182444495,-0.015081905356743055,-0.01932348064635895,-0.030874988251593932,-0.029361448888867304,0.03957466253903465,-0.0059548028074314155,0.0022513447459229616,-0.030013614969878897,-0.015613031806521259,0.023778795426521972,-0.031199467696168014,-0.021799554311630137,-0.018951034133718823,-0.014182365328639729,0.02429003110277003,-0.00011448807417141511,-0.002903236393051044,-0.027387942471762707,-0.02761516445634771,-0.028050718654816977,-0.031270258791024796,-0.031097915703099242,-0.02686374130344979
44,0.0145886957220637,-0.013479137613389824,-0.005388231160467374,-0.050508441713094786,0.014503819857672129,0.05968046213399853,-0.02238898528253464,-0.02178029070837996,0.0012820920586019092,-0.007641295580509478,0.01567206910791206,-0.001320882774861084,-0.006054952622753085,-0.005966995032249018,0.046906557476869795,0.01105895521108434,0.009828264544329453,0.034736785165786745,0.016558387372205878,0.028275177871943915,-0.0027306895816088346,0.004436024693031858,0.016653480148996622,0.016616001965292105,0.03276349370696465,0.017973900476282292,0.025174741610286086,0.0047666942696051205,0.02131956211124797,0.011286847778624935,0.013832403217436983,0.011188870940520288,0.006709149660281495
45,0.0302117533079868,0.031245889332778172,0.05403344389574476,0.04311665433172408,0.02186823343518948,0.019520546721841288,0.0217548980903261,0.0019337739518557324,0.018157105373339578,0.029113020464541048,0.03984882954871601,0.003930622230874729,0.05302648443153007,0.026172546590661337,0.04261044931065722,0.006191281636338227,0.03411572968708739,0.04035048008482177,0.022411806085338548,0.03204871168297432,0.03255522070031183,0.024130563962552948,0.04590946596716,0.031931864967439674,0.02989183853125881,0.03208766950726595,0.03980309088961203,0.03681100423058556,0.02423437999873079,0.0311162983765995,0.029934918714998152,0.032113061498906866,0.02627987106767935
46,-0.009964550098904,-0.02234311403885699,-0.03101399504475219,0.0007478985254214636,-0.009967055247561757,0.026803786110983656,-0.015749834074254607,0.000129079957256741,0.0075640371673548635,-0.02060413759862344,0.0011258037566071665,-0.0010548263562831818,-0.05357669314238743,-0.009719687768211768,-0.044719075582469084,-0.005303964404721332,-0.006304133292695861,-0.02557379878267807,0.009790780298533622,-0.00882166144915913,-0.003705618138769844,-0.0009586357206114835,-0.03202548692252718,-0.003747250099470901,-0.00708869203160578,-0.019693099044529937,-0.0184790831092821,-0.019881963300147184,0.0020262494511854045,-0.0005408110387777204,-0.0023364413810955664,-0.01434135582463528,-0.004774913261708946
47,-0.0005851184254971,0.009824835439583547,0.02080788741188648,-0.06198752312363341,-0.0020742823757811035,0.05274389234295726,0.03543646220714935,0.00737057055531315,0.027014794620832915,0.016630889182025488,0.002762186051559786,0.010768603143748313,-0.015003114474325353,0.02191123782808776,-0.02678309025761067,0.027332645861780355,0.01080645841266658,0.006722784347385836,-0.02067798854616719,0.018733883141449345,0.0007066576378059177,0.007636788169236885,-0.0013248590305567922,0.00805119434117941,0.002630538096819784,-0.013098814437325659,-0.0055194692615582125,-0.00596327425956053,0.0010964855383454508,0.0057570335760370565,0.005888111712484787,-0.0014315618488359822,0.010461032753493731
48,-0.0338271362971307,-0.03799258939459617,-0.05709239627542653,-0.04952196998533302,-0.0314484513375488,-0.07701890141858782,-0.041374000151391734,-0.022447187218389057,-0.0020044932606296216,-0.033710175231146305,-0.03985875672970854,-0.023364344266169755,-0.004684944917425182,-0.033368218500749516,-0.040239335232562415,-0.01098375916028316,-0.07247413850183557,-0.02958943563757927,-0.03600792635321308,-0.055337873773489664,-0.034788161960970024,-0.03547807216701445,-0.02232709199552525,-0.03428541443223384,-0.03656646432874059,-0.044058538056095456,-0.03584396194673394,-0.04087441417932924,-0.03575758681926458,-0.043736247344599966,-0.03751960933388192,-0.03625068875186801,-0.04205290142828604
49,-0.00434668736331,-0.016000693493854943,-0.005602297160318656,-0.011487462911602093,-0.009606449345246243,0.0009171568922621814,-0.01016665722506164,-0.05192867788707857,-0.001822208942594465,-0.03904604201049088,0.00016628908253225752,-0.02432096518428993,-0.019389216455471456,-0.00021771724990014732,0.030777021090369516,-0.0047783773360258255,-0.012993343140268983,-0.010785949297156445,-0.004883133690139227,-0.014088666680607691,-0.0030798001954280155,-0.010699487431385097,-0.013470238408692109,-0.00764679073036837,-0.0054944013371897235,0.00024374960433905284,0.009153432174127174,0.008106982246737301,-0.009202379077494983,-0.0045507281834837815,-0.0045375316561894995,-0.003252567087254585,-0.0064898341780719685
50,0.0154881147532515,0.005811868288332203,-0.003029187244460134,0.008800839202620061,0.03558792034043165,0.037967228642111064,-0.03829594932443382,-0.06029214659089548,0.02136380133552402,-0.040400668681601214,0.024368068694442344,-0.012684296034575679,-0.006629775110701337,-0.014858199483748969,0.03616939648694672,0.008026474668187518,-0.0014164207534165722,0.03256955293682747,0.024893344906103135,-0.005575755923961284,0.003897122150415821,0.007314693503354133,0.025046304523590537,0.01368247220575765,-0.015875858694529402,0.014386165868627314,0.027210769988909783,0.018528920282786097,0.011885852904107319,0.017484924084752357,0.011723553759149522,0.02152751894008186,0.011591720911172634
51,0.0036442991620598,-0.018025698053832192,0.002843138029791451,-0.04466668140779744,0.007441845601953763,0.009490604346811173,0.019511881971011086,0.012188042182274655,-0.03150761595634858,0.029364057105508958,0.0023649160020495644,-0.0015405987218385674,0.023576028640835266,0.020189725555270665,-0.005887566843077143,0.02301950579852021,-0.016001632228468236,0.005314514115622172,-0.0027829410639170606,0.00404470583551034,-0.006543175339591876,0.008732213750671671,0.005549765817398133,0.0008283770669500882,-0.008378367112578446,0.004674805243038905,-0.002209269962994417,0.005214523796284071,0.0038847448283648276,-0.00012270992869257126,8.279403725316569e-05,0.0033491492861527756,0.001245263178012744
52,-0.0249775990806174,0.022507542186766913,-0.021006080225583056,0.07222379568583406,-0.03340784453953474,-0.09977671287908066,-0.019958501471657047,-0.016373452435863092,-0.12280293782633445,-0.03996446208029027,-0.013036106621879446,-0.017173002301672784,-0.00348541481138001,-0.020058968578344837,-0.061872471521321304,-0.013306351331375942,0.028588980179005928,-0.05108487951532485,0.005242878870456629,-0.015949877545288236,-0.06023022053814858,-0.015907448026916918,-0.021936188965705247,-0.013554792601417556,0.017223152084697047,-0.04360508897719751,-0.03525049426502052,-0.04192631192252359,-0.01913573039972911,-0.02207418807435481,-0.019285141438706226,-0.03526645081895002,-0.025416547282513694
53,-0.0259037037077927,-0.010186771986649041,-0.03741184157220508,-0.006008118367359027,-0.027176578829814446,-0.03069040675092821,-0.039134415463748476,0.01671153444706447,-0.027344588274427026,-0.029526722277014108,-0.05655419893301682,-0.02128586350844264,-0.043725087339204737,-0.04299573030058253,-0.026739770756162354,-0.029360608857628038,-0.029064490414553057,-0.03121625593582638,-0.003187341960254156,0.003933186733074967,-0.02712574415156951,-0.04322527274512429,-0.0426091667076268,-0.050962856411859055,-0.021587681903404723,-0.008110262855493763,-0.041609853700755,-0.016798466163556885,-0.0425152375621297,-0.03635109073455056,-0.03478395947439277,-0.016293713262333413,-0.016603274700289192
54,0.0630771844102258,0.10420601528853257,0.05392146259667099,0.0850491972514435,0.05000151241676773,0.049895879667569684,0.11433957093047256,0.04758260774509174,0.06675924617281878,0.05168273812122899,0.04829970768629771,0.06034939500061727,0.06403321908391627,0.056084159821795945,0.09180521101952188,0.046690045316111116,0.06873375582388956,0.04995922955049059,0.07201237890286843,0.07545738220762428,0.06587336482906343,0.053654989055960445,0.05679184904310675,0.058835601224786184,0.0686873281281126,0.07609850012336808,0.07402078568181378,0.07876350535208135,0.05757382372579022,0.06071459397419447,0.06519794846802524,0.06830492713774532,0.07259971042137915
55,0.0243129372696935,0.016845865347862442,-0.03373890077046578,0.027526590539398727,-0.012407772277239732,0.0066253149376685454,-0.0185604454947039,0.0048334899370047375,0.02902709447058612,-0.02969453456841684,0.02017412872831744,-0.004978918158702214,0.005002513595139051,-0.013012858219788393,0.04999119250120024,0.004247380517795843,0.02935029110353677,0.035136386665214146,0.0343448657086092,0.02030277521676485,-0.014809207100638207,0.010929934389456997,0.029496039800615017,0.00624543593143646,0.028145203554370824,0.030191749953466955,0.03142448468056689,0.04180990430705169,0.038113119549861935,0.015727135324034937,0.012200947191704298,0.03375922688734987,0.01713831178381576
56,0.0211478657838469,0.020536239792897645,0.030723161095703083,0.044997280865127554,0.05267826742208913,0.04897190837438072,0.06261459823017543,0.02943449001313877,0.012849611244231193,0.041410132210152606,-0.006216744711982818,0.028706375505892858,0.037755242053967554,0.04631207305881996,0.021413591342717933,0.026606994467276386,0.024149453622275115,0.03406425797850586,0.010708261600112647,0.019188222734823474,0.0134490591816314,0.01750564480667329,0.02383004763837986,0.01814841747013251,0.024233284707489408,0.020517693943630688,0.023702467201412378,0.02247950382050367,0.015517416163648115,0.02594162519158769,0.031627555712702794,0.023142278160143605,0.015578106959711544
57,0.0076865123827574,-0.014702148242393681,-0.02736254083271889,0.02413142761791339,-0.009408602571939402,0.008555866066512253,-0.0039416180851425744,0.011351199354814613,0.011000552666799711,-0.008287307283595715,0.011739036221300002,0.014539022808273629,-0.0030054024052513922,0.005184314367204026,-0.019542444408121896,0.009018015026595981,0.009594788299232033,0.007324850003722985,0.019506705144396175,0.010290297424071308,0.014327954265089565,0.008587819096633746,0.005992637525047991,0.00886780424356113,-0.004718387632688917,-0.0019946553657269103,0.000596132390290011,-0.002450378960186904,0.0028092102151772783,0.0100952996591084,0.011508308270014544,0.0049454348608313,0.013959455587164304
58,-0.0005742491056006,-0.009660364899734118,0.0033433038262146797,-0.004044561645457852,0.044646116894089656,0.0003149357427495664,0.04611302524947469,0.019521985354562538,-2.2132824846687058e-05,0.01820373403615186,-0.020864525052793785,0.006165516986793908,0.027473659771993973,0.022373683151114876,-0.009944089390841267,0.017104532756261347,0.0013357118058938099,0.0027731199713815764,-0.0032307006776049786,0.019027395033921618,0.020582216020572114,-0.0028088486921157736,-0.00018631240589334812,-0.010374008822857845,0.0008622531995692959,0.0033471849938888714,-0.010011631561388139,-0.009786538637435071,-0.007990665373682298,-0.0034056295591948097,0.0002816730354230033,0.0007166968882399403,0.0027866153457520946
59,0.0068017205530759,-0.01292220028552238,-0.011481025817691573,-0.027155220241257827,0.018769956417136715,0.020728371435081,0.00951714030956283,0.013270267302818495,-0.002019502375284642,-0.005432365431113814,0.009797957947147247,-0.009159999513767194,-0.012295740752353113,-0.0037807862961038432,0.012004967324586516,0.004684305393840765,0.009330473261117035,0.018067795611291914,-0.00204291697902088,0.005963038878403812,0.011632433278052237,0.008433344756703817,0.018357228100157875,0.0058532917072831765,0.002879930826347637,0.0012890725325833195,0.008755248664976177,0.008062047731434714,0.004777557734725086,0.00934510632343793,0.011890445670495622,0.007353491296486452,0.00165813003016391
60,0.0204511033028514,0.021622966898169872,0.06369914446890268,0.04941221437858101,0.09516175119703202,0.01263558671320864,0.08709564707956999,0.030200917249423073,0.01860181514273519,0.0589010201367388,-0.0038603361498867313,0.01545894976814851,0.0338477732463177,0.05461530745921075,0.027729019183296694,0.015044708412169101,0.019139276572516774,0.011792327253321126,0.005064282125529105,0.0240232014551889,0.04110657520717362,0.015541104297134374,0.010241656428078597,0.0076306056685694935,0.02857816357375554,0.01845622631684443,0.01491249603941691,0.03628536231210951,0.029900476907332524,0.012260802245617559,0.01900846860250775,0.024358042021996193,0.01355576025441741
61,0.0127728972929953,-0.010403482720650482,0.021525999914590647,0.030240788045477363,-0.0073222040451157355,-0.003036950165740426,-0.009468381405571904,0.00410737074285045,0.018668972511570837,0.0002100780650547392,0.04570082384056784,-0.0029265839996670813,0.009586432535926826,0.004506038170883303,0.001613252284544476,0.003692662774875152,0.03299187196896024,-0.011358686422610599,0.010167546565284676,0.01409997687336131,0.006973707637054672,0.02938156349220449,0.010996757562808013,0.028825468096004253,0.0035921756995601984,0.008686001042156938,0.0233880114777059,0.01470624971348927,0.004053912423099426,0.026639626330340387,0.018219656391070663,0.005990009176497334,0.015806561376858583
62,0.0021926574404117,0.009090230872173002,0.010691260448619639,0.0029348571318152,0.007661626794987612,0.0012070727651885774,0.006592027139496698,0.012332187532157417,-0.006524060005650115,0.012571936211862774,-0.004118836587896966,0.0030918178319053733,0.0073074218935648885,0.00951426288289294,0.011934999448262054,0.014283437998062032,0.005563800868450814,-0.0021632355529284304,0.006164237386444899,-0.0018497429406707923,0.0024719765238475147,-0.0002493849892603265,-0.0037103835662897753,-0.003381274095241045,0.006730658226169887,0.005032498719676288,0.0028486174291594557,0.0038594583185220977,0.006050612316246455,-0.0004424425355998285,0.002894916017333738,0.0025814350453568697,0.0029484696125369712
